{
  "Random Forest": {
    "mae": 2.989524483024892,
    "rmse": 3.7063439834362404,
    "r2": 0.7162434764393327
  },
  "XGBoost": {
    "mae": 3.062123889457889,
    "rmse": 3.816428902028384,
    "r2": 0.699137014951379
  }
}