{
  "best_ensemble": {
    "name": "Performance-Based",
    "weights": [
      1.0,
      0.0
    ],
    "r2": 0.8691340451329507,
    "mae": 1.8902170641858158,
    "rmse": 2.4393498548064247
  },
  "individual_models": {
    "random_forest": {
      "r2": 0.8691340451329507,
      "mae": 1.8902170641858158,
      "rmse": 2.4393498548064247
    },
    "lstm": {
      "r2": -1.1231954196858451,
      "mae": 8.41984560139974,
      "rmse": 9.82552436668277
    }
  },
  "improvement_over_rf": 0.0
}