{
  "best": {
    "r2": 0.574720018882456,
    "mae": 3.6560473561604825,
    "rmse": 4.540229884142418,
    "seq_length": 7,
    "n_features": 36
  },
  "all": [
    {
      "r2": 0.4945998575553763,
      "mae": 3.908562057108819,
      "rmse": 4.962428563164078,
      "seq_length": 3,
      "n_features": 36
    },
    {
      "r2": 0.5370574049298923,
      "mae": 3.8243528014344057,
      "rmse": 4.745889894813706,
      "seq_length": 5,
      "n_features": 36
    },
    {
      "r2": 0.574720018882456,
      "mae": 3.6560473561604825,
      "rmse": 4.540229884142418,
      "seq_length": 7,
      "n_features": 36
    },
    {
      "r2": 0.5401260819993037,
      "mae": 3.8133090739780005,
      "rmse": 4.727258200116555,
      "seq_length": 10,
      "n_features": 36
    }
  ]
}