{
  "r2": 0.5924243596000156,
  "mae": 3.6292949707031252,
  "rmse": 4.444720771875866,
  "n_features": 36,
  "seq_length": 7,
  "hidden_size": 64,
  "num_layers": 1
}