{
  "mae": 3.8407496012369795,
  "rmse": 4.669153614942596,
  "r2": 0.550224723711383
}